{
    "zh_Hans_CN": {
        "需要翻译的内容": "需要翻译的内容",
        "跳转到钱包": "跳转到钱包",
        "翻译我": "翻译我"
    },
    "zh_Hant_HK": {
        "需要翻译的内容": "需要翻譯的內容",
        "跳转到钱包": "跳轉到錢包",
        "翻译我": "翻譯我"
    },
    "en_US": {
        "需要翻译的内容": "Content that needs to be translated",
        "跳转到钱包": "Jump to wallet",
        "翻译我": "Translate me"
    },
    "lastUpdateTime": 1544170045041
}